timestamp,raw_gaze_x,raw_gaze_y,smooth_x,smooth_y
1742879245.999111,-1882.3989635694325,1964.5790695602682,-1933.8874590413968,1948.901656376536
1742879246.0260828,-1872.4574275260147,1974.6616794300899,-1921.6014527383204,1954.053660987247
1742879246.0529797,-1850.732610408495,1970.203028723392,-1907.4276842723555,1957.283534534476
1742879246.102257,-1844.2212389017732,1974.9399620465501,-1894.786395198239,1960.814820036891
1742879246.1328006,-1827.5196438705716,1963.838142093944,-1881.3330449327054,1961.4194844483018
1742879246.1688533,-1803.2591420549797,1970.1496912219045,-1865.7182643571603,1963.1655258030223
1742879246.2003436,-1786.1759022926326,1970.6186305595238,-1849.8097919442548,1964.6561467543227
1742879246.2300591,-1800.8358746995818,1983.3356491984978,-1840.0150084953202,1968.3920472431578
1742879246.2617822,-1801.8452013323003,1984.90877420357,-1832.3810470627163,1971.6953926352403
1742879246.2972834,-1812.703744854718,1988.9105776149117,-1828.445586621117,1975.1384296311746
1742879246.325733,-1802.6268221097998,1994.280272601687,-1823.2818337188535,1978.9667982252772
1742879246.3613963,-1771.9134764806258,1993.6466827159984,-1813.008162271208,1981.9027751234216
1742879246.3904722,-1772.4903607617325,1991.73398666108,-1804.904601969313,1983.8690174309534
1742879246.4393501,-1768.3695694459311,1993.0228658507676,-1797.5975954646367,1985.6997871149163
1742879246.4707665,-1745.5556955174889,1993.9850942549456,-1787.1892154752072,1987.3568485429223
1742879246.5027742,-1750.9208076754603,1998.6435121256,-1779.9355339152578,1989.6141812594578
1742879246.5350568,-1751.5933239985716,2001.008086143438,-1774.2670919319205,1991.8929622362539
1742879246.5684822,-1727.8575836882974,1999.8934648778668,-1764.985190283196,1993.4930627645767
1742879246.6051118,-1704.241107356509,1996.5341961506037,-1752.8363736978586,1994.1012894417822
1742879246.6352153,-1705.6508517540224,2005.7483323548877,-1743.3992693090916,1996.4306980244035
1742879246.6661015,-1700.7241451465852,2009.1922453779953,-1734.8642444765906,1998.983007495122
1742879246.6988404,-1685.7867735600503,2008.3996368543285,-1725.0487502932826,2000.8663333669633
1742879246.7322004,-1658.8052861612941,2013.9520376303644,-1711.800057466885,2003.4834742196435
1742879246.7752438,-1662.7401140143484,2019.7197761453244,-1701.9880687763775,2006.7307346047799
1742879246.808767,-1676.0590292410252,2030.578595741772,-1696.8022608693072,2011.5003068321785
1742879246.8363845,-1685.485300725557,2034.2527545011162,-1694.5388688405574,2016.050796365966
1742879246.8710148,-1664.700681305072,2023.2607567953637,-1688.5712313334604,2017.4927884518459
1742879246.9045124,-1667.0665252634208,2031.914186656366,-1684.2702901194525,2020.37706809275
1742879246.9363708,-1673.167761199693,2040.3971684147855,-1682.0497843355006,2024.3810881571574
1742879246.9675717,-1668.10920163827,2039.9355174314096,-1679.2616677960546,2027.4919740120079
1742879246.9992194,-1675.4916419063538,2038.9128288159172,-1678.5076626181144,2029.77614497279
1742879247.0340016,-1726.6704653839588,2067.196943890778,-1688.1402231712834,2037.2603047563878
1742879247.0636284,-1738.0968379594888,2083.0575622292654,-1698.1315461289246,2046.4197562509635
1742879247.1101887,-1764.485097494904,2081.7072289617736,-1711.4022564021207,2053.4772507931257
1742879247.1436129,-1776.9466372318202,2073.526713904339,-1724.5111325680605,2057.4871434153683
1742879247.1766505,-1777.2090179844836,2074.2088376034935,-1735.0507096513452,2060.8314822529933
1742879247.2095222,-1817.6801447865255,2076.5495588256344,-1751.5765966783815,2063.9750975675215
1742879247.2386637,-1816.539186059039,2083.7559190810443,-1764.5691145545131,2067.931261870226
1742879247.274599,-1823.4103372341851,2084.590435641596,-1776.3373590904475,2071.2630966245
1742879247.3075907,-1822.617452636492,2095.608605164849,-1785.5933777996565,2076.1321983325697
1742879247.337159,-1831.1309129671918,2096.38315844733,-1794.7008848331636,2080.182390355522
1742879247.373455,-1831.9578098846723,2093.2142151523913,-1802.1522698434655,2082.7887553148958
1742879247.4000454,-1847.6399187590632,2094.8678433429377,-1811.2497996265852,2085.2045729205042
1742879247.4467716,-1861.2706872035487,2099.7376234865733,-1821.2539771419779,2088.111183033718
1742879247.4797707,-1871.5808372841675,2088.7486073802793,-1831.3193491704158,2088.2386679030305
1742879247.5134587,-1869.4349691083553,2098.868487243377,-1838.9424731580036,2090.3646317711
1742879247.544673,-1869.1507232929707,2091.3553535322026,-1844.9841231849973,2090.562776123321
1742879247.5768878,-1867.6680953530558,2102.2893756928624,-1849.520917618609,2092.9080960372294
1742879247.6093633,-1871.5446163721826,2071.1079741629364,-1853.9256573693237,2088.548071662371
1742879247.6426988,-1876.766832615198,2084.169201895367,-1858.4938924184987,2087.6722977089703
1742879247.6734836,-1870.7985539290075,2089.7108357844554,-1860.9548247206005,2088.0800053240673
1742879247.703616,-1882.0811471527031,2089.1890558785926,-1865.1800892070212,2088.3018154349725
1742879247.7522626,-1867.3396776937898,2088.0620112819324,-1865.612006904375,2088.2538546043643
1742879247.7879043,-1868.8806124676303,2085.1390499426125,-1866.2657280170263,2087.6308936720143
1742879247.805465,-1880.0079416600765,2088.4363676588346,-1869.0141707456364,2087.7919884693783
1742879247.8377209,-1869.007164800354,2079.673943773052,-1869.01276955658,2086.1683795301133
1742879247.8799841,-1863.542445134428,2049.8168693375355,-1867.9187046721497,2078.8980774915976
1742879247.9132516,-1857.4036631308518,2051.39049127585,-1865.8156963638903,2073.396560248448
1742879247.9475608,-1867.220855433743,2060.1575532052393,-1866.096728177861,2070.7487588398067
1742879247.9738991,-1883.6161187276193,2051.9573264624705,-1869.6006062878128,2066.9904723643394
1742879248.0116544,-1854.9525675138102,2039.355761980445,-1866.6709985330124,2061.463530287561
1742879248.0422325,-1862.945241805135,2047.0890371185687,-1865.9258471874368,2058.5886316537626
1742879248.0882661,-1894.2030054101597,2038.663368327585,-1871.5812788319815,2054.6035789885273
1742879248.1229527,-1883.365885232024,2021.1489561541366,-1873.9382001119902,2047.9126544216492
1742879248.1462934,-1877.2036921511917,2023.0013576421552,-1874.5912985198306,2042.9303950657504
1742879248.16144,-1879.6914503986554,2022.7805536375472,-1875.6113288955958,2038.9004267801097
1742879248.1855507,-1863.1254629281739,1970.8197228787976,-1873.1141557021115,2025.2842859998475
1742879248.2174985,-1850.5585733435964,1945.7351953155667,-1868.6030392304085,2009.3744678629914
1742879248.279667,-1859.3584880818726,1949.754060101608,-1866.7541290007016,1997.4503863107147
1742879248.3116212,-1856.6001772906275,1932.0523040952921,-1864.7233386586868,1984.3707698676303
1742879248.3456275,-1852.9880247571364,1933.1067964383801,-1862.3762758783766,1974.1179751817804
1742879248.3779252,-1845.5821734117908,1927.6736596408282,-1859.0174553850595,1964.82911207359
1742879248.4242587,-1864.2756977428744,1931.8538620866511,-1860.0691038566226,1958.2340620762025
1742879248.4590826,-1869.9398532839277,1918.3581490548331,-1862.0432537420838,1950.2588794719286
1742879248.4931774,-1869.194011699974,1932.3300897785102,-1863.473405333662,1946.673121533245
1742879248.5238984,-1866.7987934654411,1916.9299629124998,-1864.1384829600179,1940.724489809096
1742879248.5555737,-1870.172638901191,1928.760949577998,-1865.3453141482526,1938.3317817628763
1742879248.5860975,-1879.7669842516934,1910.0374988226795,-1868.229648168941,1932.672925174837
1742879248.6175313,-1866.18723428689,1914.4607016246628,-1867.821165392531,1929.0304804648024
1742879248.6483088,-1884.8712616715366,1908.177312047177,-1871.2311846483321,1924.8598467812774
1742879248.6862023,-1880.973317308124,1908.7400061234366,-1873.1796111802905,1921.6358786497094
1742879248.7168732,-1892.5931625598587,1912.7618525089383,-1877.0623214562042,1919.8610734215554
1742879248.766518,-1878.2335586913105,1917.5027612980484,-1877.2965689032258,1919.3894109968542
1742879248.798606,-1899.6383507999017,1913.8441731136718,-1881.764925282561,1918.2803634202178
1742879248.8250093,-1889.0419671709242,1922.0985655799996,-1883.2203336602338,1919.0440038521742
1742879248.852208,-1904.0175474024127,1892.8205840177816,-1887.3797764086696,1913.7993198852957
1742879248.8885002,-1914.1834764127543,1907.6217406807427,-1892.7405164094866,1912.5638040443853
1742879248.917423,-1924.8772589574946,1916.1901949570783,-1899.1678649190883,1913.2890822269242
1742879248.951302,-1905.3881997180888,1917.6077798568767,-1900.4119318788885,1914.1528217529149
1742879248.9792264,-1939.3994152115301,1909.3517309464023,-1908.209428545417,1913.1926035916126
1742879249.0133238,-1918.8137899477406,1921.9832770674657,-1910.330300825882,1914.9507382867832
1742879249.041209,-1937.456958376797,1911.4782739405164,-1915.755632336065,1914.25624541753
1742879249.103243,-1948.8968033647088,1924.8653242363853,-1922.3838665417939,1916.378061181301
1742879249.137502,-1960.8174588732873,1917.3861476301936,-1930.0705850080926,1916.5796784710797
1742879249.164587,-1969.6951160567933,1928.0026294481431,-1937.995491217833,1918.8642686664925
1742879249.1966684,-1976.2577269024187,1913.022576817455,-1945.6479383547503,1917.6959302966852
1742879249.2267835,-1978.3344661425563,1930.3562709346188,-1952.1852439123115,1920.227998424272
1742879249.2576087,-1947.9963603271663,1922.1376576618331,-1951.3474671952827,1920.6099302717844
1742879249.288249,-1951.7598014259565,1930.520424549446,-1951.4299340414175,1922.592029127317
1742879249.3187938,-1960.9996677293002,1916.9031285173405,-1953.343880778994,1921.4542490053218
1742879249.3531113,-1949.187233238239,1916.6669195821778,-1952.512551270843,1920.4967831206932
1742879249.3841143,-1942.6738739985412,1917.5155159179667,-1950.5448158163827,1919.9005296801479
1742879249.4150338,-1933.5015906163371,1919.6021386081738,-1947.1361707763735,1919.840851465753
1742879249.4459124,-1947.770642204925,1889.5567264733,-1947.263065062084,1913.7840264672627
1742879249.4765615,-1928.5552275383707,1903.4966978249686,-1943.5214975573413,1911.726560738804
1742879249.5068178,-1930.4815616500837,1841.649214538822,-1940.91351037589,1897.7110914988077
1742879249.538379,-1915.90330715432,1812.064790809667,-1935.9114697315758,1880.5818313609795
1742879249.574987,-1905.728102056757,1755.3062352276193,-1929.8747961966124,1855.5267121343077
1742879249.6041582,-1896.0639651929214,1750.7132469007138,-1923.1126299958744,1834.564019087589
1742879249.6315722,-1904.9372051920363,1717.0597681279069,-1919.477545035107,1811.0631688956528
1742879249.6654463,-1887.0186758618784,1731.341132617983,-1912.9857712004614,1795.118761640119
1742879249.6941729,-1892.9374820829144,1697.935954822604,-1908.976113376952,1775.6822002766162
1742879249.7425752,-1868.5881948611132,1710.654464261308,-1900.8985296737844,1762.6766530735547
1742879249.7766507,-1902.7533492304847,1679.9217934504286,-1901.2694935851246,1746.1256811489297
1742879249.8061056,-1884.0841194135392,1686.893269925995,-1897.8324187508076,1734.2791989043428
1742879249.834102,-1896.9480646482225,1657.3111652186471,-1897.6555479302906,1718.8855921672036
1742879249.8697674,-1906.3109495367808,1658.0303932666648,-1899.3866282515887,1706.714552387096
1742879249.900221,-1896.9597701868515,1648.071685418934,-1898.9012566386414,1694.985978993464
1742879249.9307182,-1894.380134504112,1650.902051530511,-1897.9970322117356,1686.1691935008735
1742879249.9662473,-1909.387076744757,1623.001403275357,-1900.27504111834,1673.5356354557703
1742879250.0001469,-1915.033342689041,1625.0052037582846,-1903.2267014324802,1663.8295491162733
1742879250.0386424,-1924.1702885961404,1624.7080376785634,-1907.4154188652124,1656.0052468287313
1742879250.0808628,-1902.1870661919038,1598.8817544269386,-1906.3697483305507,1644.5805483483728
1742879250.1151674,-1913.2653646376402,1595.0663009819746,-1907.7488715919687,1634.6776988750933
1742879250.1459208,-1938.2670699935825,1586.4441779153258,-1913.8525112722916,1625.0309946831399
1742879250.174073,-1923.7990242483047,1583.8780146449717,-1915.8418138674942,1616.8003986755064
1742879250.2045226,-1947.4967767728358,1590.264766337139,-1922.1728064485626,1611.493272207833
1742879250.2411456,-1941.6208172403622,1576.1465615954057,-1926.0624086069224,1604.4239300853476
1742879250.2709563,-1948.6401649517338,1569.7990676294903,-1930.5779598758847,1597.4989575941763
1742879250.3010092,-1920.3885161821308,1538.3428620158138,-1928.5400711371342,1585.667738478504
1742879250.333984,-1919.6121960258934,1514.2939433324136,-1926.7544961148863,1571.392979449286
1742879250.365558,-1933.7076522680236,1509.6320469290513,-1928.1451273455139,1559.0407929452392
1742879250.4189322,-1947.9208264740973,1466.2365232027623,-1932.1002671712306,1540.479938996744
1742879250.449906,-1955.415021507206,1451.8802874373087,-1936.7632180384257,1522.7600086848572
1742879250.477102,-1938.2385791542674,1433.141928684683,-1937.0582902615943,1504.8363926848226
1742879250.5107074,-1898.1250234284562,1433.2691435950637,-1929.2716368949668,1490.522942866871
1742879250.5450873,-1889.0393168602604,1447.7024040132892,-1921.2251728880256,1481.9588350961546
1742879250.5736425,-1860.459692149836,1479.8654143438835,-1909.0720767403877,1481.5401509457006
1742879250.607421,-1864.9599196045892,1479.3257448412496,-1900.249645313228,1481.0972697248105
1742879250.6371272,-1849.5934185547412,1529.7374690350352,-1890.1183999615307,1490.8253095868556
1742879250.670766,-1826.8091397617009,1555.77478327081,-1877.4565479215648,1503.8152043236466
1742879250.7009408,-1830.8281149773575,1603.3929144130489,-1868.1308613327235,1523.7307463415273
1742879250.7465363,-1814.718864372624,1632.5297669340616,-1857.4484619407035,1545.4905504600342
1742879250.777469,-1782.354816937568,1709.8288924991448,-1842.4297329400765,1578.3582188678565
1742879250.814463,-1761.9615600538855,1751.1157628280944,-1826.3360983628386,1612.909727659904
1742879250.8482504,-1734.376906126914,1783.0904354593422,-1807.944259915654,1646.9458692197918
1742879250.8774128,-1692.196991544277,1825.6154977871247,-1784.7948062413784,1682.6797949332583
1742879250.9110062,-1635.1618650047349,1847.835205200552,-1754.86821799405,1715.7108769867173
1742879250.9423225,-1601.604956925623,1853.2333910266298,-1724.2155657803646,1743.2153797946999
1742879250.9731638,-1589.1741166202028,1887.9243007678251,-1697.2072759483324,1772.157163989325
1742879251.0058448,-1557.6791502135293,1921.1368341090765,-1669.3016508013718,1801.9530980132754
1742879251.0369,-1527.4245291830775,1953.8323912324886,-1640.926226477713,1832.328956657118
1742879251.083776,-1479.225759153007,2005.166257882136,-1608.586133012772,1866.8964169021215
1742879251.118755,-1501.8251787794034,1985.1658543349786,-1587.2339421660984,1890.5503043886931
1742879251.1499405,-1468.2146019099746,2003.340525144862,-1563.4300741148736,1913.108348539927
1742879251.1830776,-1446.388189551526,2014.9791986450564,-1540.0216972022042,1933.482518560953
1742879251.215895,-1407.7075684412594,2044.9247271979548,-1513.5588714500152,1955.7709602883535
1742879251.2512934,-1413.4459326800388,2066.3717034174606,-1493.53628369602,1977.8911089141752
1742879251.2805042,-1380.8314308901627,2117.9210734504522,-1470.9953131348486,2005.8971018214306
1742879251.3154452,-1400.6219629640673,2089.6270197107115,-1456.9206431006924,2022.643085399287
1742879251.3473542,-1384.4338656180007,2088.387999489809,-1442.4232876041542,2035.7920682173915
1742879251.3744514,-1386.4253531994436,2078.633862494058,-1431.2237007232122,2044.3604270727249
1742879251.4212134,-1410.6081125698056,2074.2363345763297,-1427.100583092531,2050.335608573446
1742879251.4516287,-1418.9163946856697,2074.773188123918,-1425.4637454111587,2055.2231244835402
1742879251.4838307,-1457.184229914852,2140.9358740537573,-1431.8078423118975,2072.3656743975835
1742879251.5165467,-1526.8677430909393,2088.6502145980485,-1450.819822467706,2075.6225824376766
1742879251.548468,-1550.8713856343602,2097.996038111907,-1470.8301351010368,2080.0972735725227
1742879251.5757442,-1593.5647979021287,2055.729215426418,-1495.3770676612553,2075.2236619433015
1742879251.6091352,-1664.5268650993949,2024.2481631505525,-1529.2070271488833,2065.028562184752
1742879251.643946,-1714.3094165918737,1988.1409936648724,-1566.2275050374815,2049.6510484807764
1742879251.6761518,-1775.7736539175185,1929.8982641283637,-1608.136734813489,2025.700491610294
1742879251.7224581,-1824.3339704897626,1878.9177170149742,-1651.376181948744,1996.34393669123
1742879251.756909,-1838.4879544250362,1840.0444514505689,-1688.7985364440026,1965.084039643098
1742879251.7826474,-1841.9143643550033,1834.5707317714532,-1719.4217020262029,1938.9813780687691
1742879251.8127248,-1861.7753505199016,1812.2049259843861,-1747.8924317249428,1913.6260876518927
1742879251.841638,-1889.5596611812216,1787.7758533695687,-1776.2258776161987,1888.4560407954282
1742879251.8783784,-1957.2929874498932,1794.7572685100076,-1812.4392995829378,1869.7162863383442
1742879251.9147236,-1962.1664669854526,1801.603352163751,-1842.3847330634408,1856.0936995034256
1742879251.943577,-1960.4241086035054,1810.1612051975499,-1865.9926081714536,1846.9072006422505
1742879251.9766805,-1980.9819056056494,1814.6153835050554,-1888.9904676582928,1840.4488372148114
1742879252.0111675,-1986.1447107186377,1818.9373775697422,-1908.421316270362,1836.1465452857976
1742879252.0559442,-1997.6081876430308,1816.946000417909,-1926.258690544896,1832.3064363122198
1742879252.0877364,-1989.9046180699188,1806.6873105354098,-1938.9878760499007,1827.182611156858
1742879252.107151,-1994.3655325836153,1807.4346981339022,-1950.0634073566437,1823.233028552267
1742879252.1385248,-2000.1641913892909,1811.637428220105,-1960.0835641631732,1820.9139084858346
1742879252.1705194,-1991.455712367855,1802.4762982284792,-1966.3579938041096,1817.2263864343636
1742879252.2006662,-2025.8116891028003,1806.5021200799329,-1978.2487328638476,1815.0815331634776
1742879252.2315009,-1997.6353533270176,1806.112027483643,-1982.1260569564818,1813.2876320275109
1742879252.2787547,-2022.9347769107317,1817.9060754446946,-1990.287800947332,1814.2113207109478
1742879252.3114462,-2038.8852297367084,1818.4389535263308,-2000.0072867052074,1815.0568472740247
1742879252.3454819,-2011.9309080219373,1815.489654725101,-2002.3920109685534,1815.14340876424
1742879252.3914058,-1984.0279959597901,1812.9289577204236,-1998.719207966801,1814.7005185554767
1742879252.4251635,-2016.7076512193926,1823.3440159302663,-2002.3168966173193,1816.4292180304349
1742879252.450266,-2003.9523687206583,1830.8952478567917,-2002.6439910379872,1819.3224239957062
1742879252.4898586,-2004.1270683632138,1826.889800268329,-2002.9406065030325,1820.835899250231
1742879252.5122511,-1991.8174797692536,1824.3464959271805,-2000.715981156277,1821.538018585621
1742879252.5448928,-2000.314817376935,1843.3184133043378,-2000.6357484004086,1825.8940975293647
1742879252.5761688,-1987.608565624907,1855.9776220426302,-1998.0303118453085,1831.910802432018
1742879252.6051786,-1982.145612832739,1851.0665964397722,-1994.8533720427947,1835.7419612335689
1742879252.6385138,-1954.0585041816012,1864.9827149957418,-1986.6943984705563,1841.5901119860036
1742879252.6806476,-1963.2268120978551,1860.1250268943731,-1982.000881196016,1845.2970949676778
1742879252.7257855,-1892.0752476903326,1845.4868643353366,-1964.0157544948795,1845.3350488412098
1742879252.7609866,-1841.224621012776,1813.5718236933317,-1939.4575277984588,1838.9824038116342
1742879252.779678,-1835.2996307335943,1811.2821209508784,-1918.625948385486,1833.442347239483
1742879252.8065288,-1808.9407454743596,1793.2071680785593,-1896.6889078032607,1825.3953114072983
1742879252.8252847,-1740.578633008019,1774.7439446985172,-1865.4668528442126,1815.2650380655423
1742879252.8541362,-1718.448539222878,1771.4727987997958,-1836.0631901199458,1806.5065902123931
1742879252.8871803,-1649.6661316619939,1757.0729985533126,-1798.7837784283556,1796.6198718805772
1742879252.9171712,-1625.2399854318355,1751.944647478551,-1764.0750198290516,1787.6848270001722
1742879252.951489,-1596.3237712710234,1744.119108401519,-1730.524770117446,1778.9716832804415
1742879252.983565,-1568.4539880917873,1733.6805286848085,-1698.1106137123143,1769.913452361315
1742879253.0161843,-1551.3011776753283,1744.0167401533217,-1668.7487265049172,1764.7341099197165
1742879253.0956562,-1593.8587615231627,1805.115676330077,-1653.7707335085665,1772.8104232017886
1742879253.1241765,-1581.0177856472947,1810.8383595642772,-1639.2201439363123,1780.4160104742864
1742879253.1518629,-1599.4489292257167,1824.7047847958784,-1631.265900994193,1789.273765338605
1742879253.1676276,-1623.5618970827418,1824.6395208965423,-1629.725100211903,1796.3469164501926
1742879253.1905315,-1662.3176103276073,1817.1205896308566,-1636.243602235044,1800.5016510863256
1742879253.2229548,-1676.855447586222,1827.5207398433886,-1644.3659713052796,1805.9054688377382
1742879253.2572508,-1680.9863984261156,1833.4151963354889,-1651.6900567294467,1811.4074143372886
1742879253.2850747,-1705.1523724958042,1843.7913281079072,-1662.3825198827183,1817.8841970914123
1742879253.3204184,-1706.5287671511833,1860.3918800462307,-1671.2117693364112,1826.385733682376
1742879253.372152,-1721.7742373487927,1860.3170087708495,-1681.3242629388876,1833.1719887000709
1742879253.4019806,-1728.605413005227,1862.078140186446,-1690.7804929521558,1838.953218997346
1742879253.431201,-1748.0200426876909,1869.015659557026,-1702.2284028992628,1844.9657071092822
1742879253.4614267,-1756.5425582463831,1863.6535842133217,-1713.091233968687,1848.7032825300903
1742879253.4925842,-1759.9780234043465,1883.5744784414874,-1722.4685918558189,1855.6775217123698
1742879253.5278487,-1777.6438897875032,1886.5739675003315,-1733.5036514421558,1861.8568108699621
1742879253.5612752,-1768.8885886115495,1886.7937776384515,-1740.5806388760348,1866.8442042236602
1742879253.588657,-1788.6389243075191,1888.6009582012957,-1750.1922959623316,1871.1955550191874
1742879253.623337,-1787.7309720565136,1873.144512234334,-1757.700031181168,1871.5853464622166
1742879253.6558888,-1792.0966962466428,1856.522260877704,-1764.5793641942632,1868.5727293453142
1742879253.7022839,-1797.0693415717178,1855.5979650444624,-1771.0773596697543,1865.977776485144
1742879253.7369857,-1804.4941868099304,1866.6229259887114,-1777.7607250977896,1866.1068063858575
1742879253.7679734,-1793.6186371276144,1856.4659417767543,-1780.9323075037546,1864.178633464037
1742879253.8015907,-1793.7405514167313,1867.4774855234264,-1783.49395628635,1864.8384038759148
1742879253.8315234,-1799.2894184452507,1853.72253898282,-1786.6530487181303,1862.615230897296
1742879253.862073,-1799.0354303429285,1858.323312597211,-1789.12952504309,1861.756847237279
1742879253.8955994,-1787.9365919897864,1865.0557641825653,-1788.8909384324295,1862.4166306263364
1742879253.9274478,-1805.4105317112735,1853.8649931793425,-1792.1948570881984,1860.7063031369378
1742879253.9597921,-1805.7111211088904,1859.176050043363,-1794.898109892337,1860.400252518223
1742879253.989294,-1793.221090532672,1856.9794394618893,-1794.5627060204042,1859.7160899069563
1742879254.0382516,-1820.704370077934,1866.1465326524394,-1799.7910388319103,1861.0021784560531
1742879254.0716624,-1784.7032130175849,1854.8919885496107,-1796.7734736690454,1859.7801404747647
1742879254.1013105,-1802.7109694723931,1865.5091329452152,-1797.960972829715,1860.925938968855
1742879254.136532,-1777.2505395177268,1861.4589613648204,-1793.8188861673175,1861.0325434480483
1742879254.1675186,-1776.2272987541892,1867.48129534496,-1790.300568684692,1862.3222938274307
1742879254.2004535,-1779.1448490426283,1871.6321787294073,-1788.0694247562794,1864.1842708078261
1742879254.2320907,-1775.5459480623012,1872.9538555131785,-1785.564729417484,1865.9381877488968
1742879254.26191,-1743.601091425684,1871.5500190997864,-1777.172001819124,1867.0605540190747
1742879254.2968562,-1759.4755686801818,1868.8783403373563,-1773.6327151913356,1867.4241112827312
1742879254.3287172,-1766.0573942778992,1871.6482462376189,-1772.1176510086484,1868.268938273709
1742879254.37411,-1778.2357924955268,1869.2586599131846,-1773.3412793060243,1868.466882601604
1742879254.4052215,-1759.783004713603,1873.5327827420624,-1770.6296243875402,1869.4800626296958
1742879254.4419844,-1774.962217145392,1866.8135827098704,-1771.4961429391105,1868.9467666457308
1742879254.4733288,-1792.8456298596702,1883.8959942501479,-1775.7660403232226,1871.9366121666144
1742879254.5072477,-1781.6973190413828,1878.666268793675,-1776.9522960668548,1873.2825434920264
1742879254.5358682,-1793.3569189526115,1893.1306703618375,-1780.2332206440065,1877.2521688659888
1742879254.5713036,-1801.9620358593656,1915.2866046756571,-1784.5789836870783,1884.8590560279226
1742879254.602741,-1805.4816483799223,1916.0477407605576,-1788.7595166256472,1891.0967929744497
1742879254.634911,-1817.2373220515983,1922.693394672684,-1794.4550777108375,1897.4161133140967
1742879254.669069,-1805.337206450431,1925.5439694028391,-1796.6315034587562,1903.0416845318452
1742879254.7124395,-1824.577357349559,1931.725818954199,-1802.220674236917,1908.7785114163162
1742879254.7462752,-1815.4006567829638,1928.3759919585627,-1804.8566707461264,1912.6980075247657
1742879254.7792838,-1814.4728272022112,1925.2106928407447,-1806.7799020373434,1915.2005445879618
1742879254.8082612,-1794.279668771318,1925.570638153582,-1804.2798553841383,1917.274563301086
1742879254.8428688,-1813.1063712117066,1920.5027472901347,-1806.0451585496521,1917.9202000988957
1742879254.8756387,-1811.8529951415385,1931.7861135210987,-1807.2067258680295,1920.6933827833366
1742879254.9049697,-1818.3749678907952,1933.1150786591097,-1809.4403742725826,1923.1777219584915
1742879254.932973,-1808.709285012419,1942.3623437463066,-1809.29415642055,1927.0146463160545
1742879254.9663403,-1799.6710631764,1938.4110618814066,-1807.36953777172,1929.293929429125
1742879255.0004756,-1787.8656961803572,1946.346423205292,-1803.4687694534475,1932.7044281843584
1742879255.0474846,-1798.0852939810156,1944.4965063834916,-1802.3920743589613,1935.0628438241852
1742879255.0797102,-1787.0277563019063,1950.5645582220495,-1799.3192107475504,1938.1631867037581
1742879255.1131423,-1778.0670560518975,1952.234419565224,-1795.06877980842,1940.9774332760514
1742879255.1453903,-1817.038990472569,1963.0958894723044,-1799.4628219412498,1945.401124515302
1742879255.1789184,-1743.2302687962947,1959.7091237722234,-1788.2163113122588,1948.2627243666864
1742879255.2098653,-1832.8606823736263,1967.8399455052859,-1797.1451855245325,1952.1781685944065
1742879255.2380846,-1792.6066601842685,1958.8085150902607,-1796.2374804564797,1953.5042378935775
1742879255.2730987,-1792.0701931403146,1966.7910850722983,-1795.4040229932466,1956.1616073293217
1742879255.3050165,-1773.0608401254758,1964.8184257393077,-1790.9353864196926,1957.8929710113189
1742879255.3503067,-1811.7646514537755,1977.648413869014,-1795.1012394265094,1961.8440595828579
1742879255.3840127,-1802.1906251514592,1969.686880727626,-1796.5191165714996,1963.4126238118115
1742879255.4043612,-1804.3267755216166,1968.213639304533,-1798.0806483615231,1964.372826910356
1742879255.4336617,-1796.410076801776,1971.3479629168269,-1797.7465340495737,1965.7678541116504
1742879255.4774868,-1801.8054466728026,1982.3846846145116,-1798.5583165742196,1969.0912202122227
1742879255.5089025,-1807.3423873034772,1988.333638119002,-1800.315130720071,1972.9397037935787
1742879255.5421295,-1776.6539987660963,1962.807999479799,-1795.582904329276,1970.913362930823
1742879255.5725968,-1843.8585880634982,1985.5998427011127,-1805.2380410761205,1973.850658884881
1742879255.6040797,-1814.6243366267317,1985.1207990542061,-1807.1153001862428,1976.1046869187462
1742879255.6409078,-1812.020406429856,1986.868513272224,-1808.0963214349656,1978.257452189442
1742879255.6875253,-1819.443484794314,1976.3090131328845,-1810.3657541068353,1977.8677643781307
1742879255.7205486,-1847.697783874548,1998.4117755896277,-1817.832160060378,1981.9765666204303
1742879255.7490256,-1825.239714148578,1978.6083232513847,-1819.3136708780182,1981.3029179466214
1742879255.7806304,-1846.4015611158156,1989.0560134108946,-1824.7312489255778,1982.8535370394761
1742879255.8120356,-1806.6784844899212,1974.204169557077,-1821.1206960384466,1981.1236635429964
1742879255.84569,-1858.161872831095,1996.7773621511697,-1828.5289313969765,1984.254403264631
1742879255.8773935,-1846.3746162910447,1989.7021922720924,-1832.0980683757903,1985.3439610661233
1742879255.9091806,-1838.3547763157349,1991.31590015873,-1833.3494099637792,1986.5383488846448
1742879255.9409752,-1842.5698745182253,2005.6578905045353,-1835.1935028746684,1990.362257208623
1742879255.976479,-1873.1714653823765,2001.2206079273128,-1842.7890953762103,1992.5339273523612
1742879256.0215874,-1850.2509164509574,2001.4814978802478,-1844.28145959116,1994.3234414579388
1742879256.0531378,-1850.6466961721435,2011.2782054905383,-1845.5545069073569,1997.7143942644586
1742879256.078625,-1839.2406426448015,2000.5949689735226,-1844.291734054846,1998.2905092062715
1742879256.1103396,-1843.7534590750565,2006.4493395172994,-1844.1840790588883,1999.9222752684773
1742879256.1412857,-1847.1365805980204,1994.754181271741,-1844.7745793667148,1998.88865646913
1742879256.1698952,-1835.5907231847887,1986.2682179138592,-1842.9378081303298,1996.364568758076
1742879256.1839254,-1834.4963657526005,2000.6560917624956,-1841.2495196547839,1997.2228733589602
1742879256.2141466,-1846.6323590000993,1986.1222851846323,-1842.326087523847,1995.0027557240946
1742879256.2770605,-1841.2882284679727,1972.0299209715668,-1842.1185157126724,1990.408188773589
1742879256.3092237,-1818.159851011087,1987.120458426769,-1837.3267827723555,1989.750642704225
1742879256.3579679,-1821.6882979004222,1967.9272401117596,-1834.1990857979688,1985.385962185732
1742879256.3928456,-1801.6729311411564,1987.8451527404668,-1827.6938548666064,1985.8778002966792
1742879256.4172754,-1793.172501504403,1973.883813259321,-1820.7895841941659,1983.4790028892075
1742879256.4350922,-1796.7736110769256,1988.1935029442866,-1815.986389570718,1984.4219029002234
1742879256.4653232,-1765.860166994964,1979.7848955280024,-1805.9611450555674,1983.4945014257794
1742879256.4867666,-1771.2959541031469,1980.887093462481,-1799.0281068650834,1982.97301983312
1742879256.5177646,-1710.057214040522,1967.2219261945702,-1781.2339283001713,1979.82280110541
1742879256.551312,-1691.9982182468138,1978.2536785598168,-1763.3867862895,1979.5089765962914
1742879256.5825155,-1700.7124396079544,1989.2320934235777,-1750.8519169531908,1981.4535999617488
1742879256.6135616,-1685.1414229209295,1984.1078834591808,-1737.7098181467386,1981.984456661235
1742879256.6962066,-1654.868912293703,1992.6183621904183,-1721.1416369761314,1984.1112377670718
1742879256.7264135,-1727.975522511466,2004.6241037132731,-1722.5084140831984,1988.2138109563123
1742879256.7503636,-1735.124293725412,1991.0618016267981,-1725.0315900116411,1988.7834090904096
1742879256.7823951,-1759.9554957639702,2011.149334136011,-1732.0163711621071,1993.2565940995298
1742879256.815421,-1769.5672889928064,2011.0193032705847,-1739.526554728247,1996.809135933741
1742879256.8447373,-1762.8056839904893,2015.2642726824997,-1744.1823805806957,2000.5001632834928
1742879256.8787568,-1776.8381953550906,2021.168999128302,-1750.713543535575,2004.633930452455
1742879256.9097533,-1784.8405874520668,2011.6686293756557,-1757.5389523188733,2006.0408702370953
1742879256.9391618,-1787.0893760241233,2019.6048189216162,-1763.4490370599233,2008.7536599739997
1742879256.9720814,-1789.6380914161437,2016.5680598694962,-1768.6868479311674,2010.316539953099
1742879257.0105422,-1796.2384691882926,2009.1730306259014,-1774.1971721825926,2010.0878380876595
1742879257.035755,-1806.7102882175186,2027.6185300535872,-1780.699795389578,2013.5939764808452
1742879257.0677783,-1795.4745171483428,2010.1876026650789,-1783.654739741331,2012.912701717692
1742879257.0972254,-1807.5826821341998,2019.3108000857737,-1788.440328219905,2014.1923213913085
1742879257.1264458,-1808.243051200243,2029.096243875876,-1792.4008728159727,2017.1731058882222
1742879257.1586454,-1806.7208894600517,2024.1264145058449,-1795.2648761447886,2018.5637676117467
1742879257.1928546,-1805.0293286985707,2028.427371729882,-1797.2177666555451,2020.536488435374
1742879257.2236137,-1784.459163580139,2030.6074178699018,-1794.6660460404642,2022.5506743222797
1742879257.2548661,-1812.375768913891,2036.711580190833,-1798.2079906151498,2025.3828554959905
1742879257.2881706,-1793.1393726214937,2036.5027025840736,-1797.1942670164187,2027.6068249136074
1742879257.3374264,-1797.7904469231053,2035.575922084614,-1797.3135029977561,2029.2006443478087
1742879257.3647625,-1815.4611722090867,2050.9641225527757,-1800.9430368400222,2033.5533399888022
1742879257.4011965,-1791.3833209679415,2048.2144252710877,-1799.031093665606,2036.4855570452596
1742879257.4338083,-1809.1468071260788,2054.7885207961226,-1801.0542363577006,2040.1461497954322
1742879257.4661865,-1817.8742800403888,2063.3962327987065,-1804.4182450942385,2044.7961663960873
1742879257.4956305,-1810.694367676504,2049.872194571997,-1805.6734696106919,2045.8113720312695
1742879257.5277488,-1791.8678860953332,2058.9925760376445,-1802.9123529076203,2048.4476128325446
1742879257.5586557,-1803.256491744345,2051.3055156911832,-1802.9811806749653,2049.0191934042723
1742879257.5938606,-1811.6515715334353,2066.8757593709433,-1804.7152588466595,2052.5905065976067
1742879257.6247158,-1794.1610673704963,2064.5337129934887,-1802.604420551427,2054.979147876783
1742879257.6718626,-1802.9022335564096,2071.419551306726,-1802.6639831524235,2058.2672285627714
1742879257.701989,-1792.9695318817667,2074.3113714961073,-1800.7250928982921,2061.4760571494385
1742879257.7362263,-1788.6073414391485,2081.3789217321173,-1798.3015426064635,2065.4566300659744
1742879257.7680721,-1773.395883561323,2082.1981990065287,-1793.3204107974357,2068.8049438540856
1742879257.798626,-1751.974085292839,2063.952135453974,-1785.0511456965164,2067.8343821740636
1742879257.8312924,-1706.293110364075,2058.906440942077,-1769.299538630028,2066.0487939276663
1742879257.8646226,-1677.286123064081,2057.243867953146,-1750.8968555168387,2064.287808732762
1742879257.8971305,-1669.8095967685258,2068.274460807492,-1734.6794037671762,2065.085139147708
1742879257.9277048,-1664.9564362811543,2079.3426549439428,-1720.7348102699718,2067.936642306955
1742879257.958724,-1651.110992675398,2086.199339840219,-1706.8100467510571,2071.589181813608
1742879258.0062723,-1646.8291949886461,2091.588746512327,-1694.813876398575,2075.5890947533517
1742879258.0411787,-1638.0579919488955,2088.2332876065957,-1683.4626995086394,2078.1179333240007
1742879258.072202,-1654.6590960352623,2086.9997336513698,-1677.7019788139642,2079.8942933894746
1742879258.104346,-1660.3040368242273,2085.781750271113,-1674.2223904160169,2081.0717847658025
1742879258.1364129,-1657.877677439761,2089.171994503904,-1670.9534478207659,2082.691826713423
1742879258.1692808,-1625.787495436769,2080.915779949015,-1661.9202573439666,2082.3366173605414
1742879258.1961548,-1632.4176892035339,2093.046583004865,-1656.0197437158802,2084.4786104894065
1742879258.231264,-1628.0563821977958,2085.2178966839547,-1650.4270714122633,2084.626467728316
1742879258.2653499,-1639.4655277542097,2095.0356411348967,-1648.2347626806527,2086.7083024096323
1742879258.2961786,-1650.0362917137354,2094.8390212148133,-1648.5950684872694,2088.334446170669
1742879258.3429515,-1668.4499874138237,2099.470604690312,-1652.5660522725802,2090.5616778745975
1742879258.3791933,-1647.844043101848,2080.525521708312,-1651.6216504384338,2088.5544466413407
1742879258.4091287,-1642.6222685772773,2094.8908679165706,-1649.8217740662026,2089.8217308963867
1742879258.441626,-1647.551846354565,2099.146438571017,-1649.3677885238753,2091.6866724313127
1742879258.4730768,-1641.3768434390076,2103.9065621122136,-1647.7695995069018,2094.1306503674928
1742879258.5058904,-1641.0683031094868,2098.858714222928,-1646.4293402274188,2095.07626313858
1742879258.5394588,-1642.0827095042496,2089.042957504962,-1645.560014082785,2093.869602011857
1742879258.5714169,-1639.817577349957,2095.1332056950723,-1644.4115267362195,2094.1223227485
1742879258.603725,-1701.2670171079008,2094.3281738403093,-1655.7826248105557,2094.163492966862
1742879258.6388423,-1733.9243655863465,2111.4475240850315,-1671.410972965714,2097.620299190496
1742879258.6802678,-1720.9559539408765,2107.536493812868,-1681.3199691607467,2099.6035381149704
1742879258.7133615,-1718.8231164590088,2111.1155726782545,-1688.8205986203993,2101.9059450276272
1742879258.7440507,-1745.04816103128,2107.6067270446383,-1700.0661111025756,2103.0461014310295
1742879258.7796254,-1743.797214412527,2119.8332725721048,-1708.8123317645661,2106.403535659245
1742879258.809518,-1767.965617933627,2116.0749664501636,-1720.6429889983783,2108.337821817429
1742879258.8493767,-1749.1877253807288,2108.5570290509677,-1726.3519362748484,2108.3816632641365
1742879258.8739607,-1756.2371099459415,2105.239005782927,-1732.3289710090671,2107.753131767895
1742879258.911038,-1764.006053848001,2113.5934474756486,-1738.6643875768539,2108.9211949094456
1742879258.9413147,-1772.215170174346,2111.557511976296,-1745.3745440963523,2109.448458322816
1742879258.9864814,-1767.9570044240718,2118.5998842612935,-1749.8910361618964,2111.2787435105115
1742879259.020724,-1782.344657413485,2119.938622419764,-1756.3817604122141,2113.0107192923624
1742879259.0410194,-1782.613884801951,2118.8758478559503,-1761.6281852901616,2114.1837450050803
1742879259.0834558,-1768.981570342923,2121.548686129283,-1763.098862300714,2115.656733229921
1742879259.11076,-1791.1843268112552,2124.667604811022,-1768.7159552028224,2117.4589075461413
1742879259.1452417,-1793.5344897650248,2132.219168026375,-1773.679662115263,2120.410959642188
1742879259.1763434,-1800.699383701989,2152.621259278838,-1779.0836064326083,2126.853019569518
1742879259.2108428,-1756.6878836127635,2160.972222438857,-1774.6044618686394,2133.676860143386
1742879259.2429209,-1747.5330481088931,2156.130933134529,-1769.1901791166902,2138.1676747416145
1742879259.2710226,-1732.6769527151027,2178.953254928121,-1761.8875338363728,2146.324790778916
1742879259.3205192,-1690.0670252322707,2195.045941091408,-1747.5234321155524,2156.0690208414144
1742879259.3558028,-1673.9266334775966,2189.382889846451,-1732.8040723879615,2162.731794642422
1742879259.3938174,-1661.3023204959736,2206.8317068317338,-1718.503722009564,2171.5517770802844
1742879259.415758,-1700.0578128816178,2191.267757639722,-1714.8145401839747,2175.494973192172
1742879259.449729,-1702.5279023915282,2171.68974734969,-1712.3572126254853,2174.7339280236756
1742879259.522536,-1754.7937949470797,2159.7689814114983,-1720.8445290898044,2171.7409387012403
1742879259.5897424,-1768.02834195194,2169.7199039717434,-1730.2812916622315,2171.336731755341
1742879259.619347,-1778.1980255690123,2164.7977801931083,-1739.8646384435876,2170.0289414428944
1742879259.6748018,-1784.5057648754355,2177.4568232869897,-1748.7928637299574,2171.5145178117136
1742879259.697738,-1803.2021603763733,2157.3661435338963,-1759.6747230592407,2168.6848429561505
1742879259.729561,-1818.0381575811916,2161.2097565293316,-1771.347409963631,2167.189825670787
1742879259.7666337,-1812.2790325757887,2157.953849916752,-1779.5337344860627,2165.34263051998
1742879259.8037486,-1802.2071895929166,2156.8597685585864,-1784.0684255074334,2163.6460581277015
1742879259.841142,-1805.2510713548618,2158.6575073898002,-1788.3049546769194,2162.6483479801213
1742879259.892197,-1796.4575615339509,2150.5434157426043,-1789.9354760483257,2160.227361532618
1742879259.9222238,-1808.2203027006453,2148.131964355447,-1793.5924413787898,2157.808282097184
1742879259.952666,-1788.8577957939633,2146.9191159520433,-1792.6455122618245,2155.630448868156
1742879260.0068226,-1811.1184173777765,2153.287812403025,-1796.340093285015,2155.16192157513
1742879260.040735,-1793.8165269882138,2148.6534129724805,-1795.835380025655,2153.8602198546
1742879260.1070843,-1793.7482814894156,2144.455652218714,-1795.4179603184073,2151.979306327423
1742879260.1340413,-1800.9867215464437,2149.4185245233293,-1796.5317125640147,2151.467149966604
1742879260.1644742,-1802.2423062088037,2145.885660449607,-1797.6738312929726,2150.350852063205
1742879260.1973855,-1798.8682399138397,2152.622584434155,-1797.9127130171462,2150.805198537395
1742879260.2312949,-1792.309383674943,2158.403077569039,-1796.7920471487057,2152.3247743437237
1742879260.2587435,-1794.5223930534576,2149.3148311198165,-1796.3381163296563,2151.7227856989425
1742879260.2906582,-1794.1853618846326,2156.843204117131,-1795.9075654406515,2152.7468693825804
1742879260.3265626,-1797.0028629466797,2162.433868752929,-1796.1266249418572,2154.68426925665
1742879260.3609939,-1794.6303932117498,2165.9869414452314,-1795.8273785958359,2156.944803694367
1742879260.3849263,-1790.4990006534172,2170.791954622773,-1794.7617030073523,2159.714233880048
1742879260.416841,-1793.8708583561875,2170.817132573786,-1794.5835340771196,2161.934813618796
1742879260.4542594,-1789.1316612260362,2169.1088417264345,-1793.4931595069029,2163.369619240324
1742879260.4811869,-1783.9732732974353,2165.8685056888207,-1791.5891822650096,2163.8693965300236
1742879260.5111244,-1801.8436553177653,2153.2936099575345,-1793.640076875561,2161.754239215526
1742879260.5430279,-1789.6959565316338,2163.769459667523,-1792.8512528067756,2162.1572833059254
1742879260.5893161,-1794.817902689032,2161.0015415002345,-1793.2445827832269,2161.9261349447875
1742879260.6209025,-1798.114447397982,2159.4559134679785,-1794.218555706178,2161.432090649426
1742879260.6478808,-1796.8648259345464,2163.8915396010525,-1794.747809751852,2161.923980439751
1742879260.6793237,-1783.9059112355135,2159.6359689466044,-1792.5794300485845,2161.466378141122
1742879260.7126334,-1766.1567809266398,2168.180404782828,-1787.2949002241958,2162.8091834694633
1742879260.742774,-1753.5980631331804,2167.807704850071,-1780.5555328059927,2163.808887745585
1742879260.7759924,-1775.265456853651,2161.817174597525,-1779.4975176155244,2163.410545115973
1742879260.8047566,-1781.1215390563793,2168.33346022188,-1779.8223219036954,2164.3951281371546
1742879260.833947,-1786.7203202684886,2168.3364418213423,-1781.2019215766543,2165.1833908739923
1742879260.8660078,-1781.3695639597809,2165.869002622063,-1781.2354500532797,2165.320513223606
1742879260.8989186,-1776.540256268101,2171.903759933297,-1780.296411296244,2166.6371625655447
1742879260.9313223,-1770.5116830150164,2175.0230099038654,-1778.3394656399987,2168.314332033209
1742879260.962315,-1796.9421266613426,2171.329967681262,-1782.0599978442676,2168.91745916282
1742879260.9935954,-1786.2596079367904,2168.5434973395422,-1782.8999198627723,2168.8426667981644
1742879261.023645,-1777.6434480690696,2179.1367889394514,-1781.8486255040318,2170.901491226422
1742879261.0536973,-1779.702518571652,2181.5091482447733,-1781.4194041175558,2173.0230226300923
1742879261.0845199,-1777.7914237460773,2193.3754171705714,-1780.6938080432603,2177.0935015381883
1742879261.1170018,-1744.4573626193505,2184.9058526097306,-1773.4465189584785,2178.655971752497
1742879261.149632,-1768.6602201786827,2182.252891666145,-1772.4892592025194,2179.3753557352265
1742879261.180442,-1758.8045983716147,2184.3902015472067,-1769.7523270363386,2180.378324897623
1742879261.2127585,-1769.8985778219267,2182.029437350904,-1769.7815771934563,2180.7085473882794
1742879261.2410724,-1765.8983756399266,2185.788902983746,-1769.0049368827504,2181.7246185073727
1742879261.270275,-1759.8786367556168,2165.5064069985947,-1767.1796768573238,2178.480976205617
1742879261.3069155,-1749.292633509951,2159.8993435657558,-1763.6022681878494,2174.7646496776447
1742879261.3373463,-1733.317886169838,2149.0811068508774,-1757.5453917842472,2169.6279411122914
1742879261.3689234,-1724.9186100555798,2146.5227288680053,-1751.0200354385138,2165.006898663434
1742879261.4003985,-1726.8604043126543,2143.141926366845,-1746.1881092133422,2160.6339042041163
1742879261.432528,-1731.0748399374825,2142.594140287898,-1743.1654553581702,2157.025951420873
1742879261.4650214,-1721.1028253217864,2132.9577764708974,-1738.7529293508935,2152.2123164308778
1742879261.4979439,-1714.0077228981572,2146.066875439137,-1733.8038880603463,2150.9832282325297
1742879261.528171,-1722.1156857020123,2142.4740480873425,-1731.4662475886796,2149.281392203492
1742879261.5632029,-1739.1536493243766,2138.8176132803565,-1733.0037279358191,2147.188636418865
1742879261.5910325,-1717.2985252674025,2147.174042706054,-1729.8626874021359,2147.185717676303
1742879261.639481,-1726.730539091639,2151.921411627329,-1729.2362577400368,2148.132856466508
1742879261.6741552,-1715.2436510899897,2130.8153316129865,-1726.4377364100274,2144.6693514958038
1742879261.7069228,-1734.8184037065275,2140.8538800685365,-1728.1138698693276,2143.9062572103503
1742879261.7398064,-1731.5474786670256,2132.3589719122647,-1728.8005916288673,2141.596800150733
1742879261.7681327,-1708.1432480450949,2142.054636429677,-1724.669122912113,2141.688367406522
1742879261.801419,-1708.569506338561,2141.993844929535,-1721.4491995974026,2141.7494629111247
1742879261.8353596,-1705.4737226600537,2155.3822203807194,-1718.2541042099328,2144.4760144050438
1742879261.864754,-1698.4024730321216,2128.767966649033,-1714.2837779743709,2141.334404853842
1742879261.899719,-1714.7688037682492,2102.1378110535443,-1714.3807831331467,2133.4950860937824
1742879261.929861,-1708.2430764122655,2094.3894622736952,-1713.1532417889707,2125.673961329765
1742879261.9776914,-1696.9865445764644,2084.318281868478,-1709.9199023464694,2117.402825437508
1742879262.0117857,-1720.5336711133605,2088.977362316793,-1712.0426560998476,2111.7177328133653
1742879262.0401483,-1686.7327135967953,2077.260007719684,-1706.9806675992372,2104.826187794629
1742879262.076114,-1702.664614248346,2092.8656993041623,-1706.117456929059,2102.4340900965353
1742879262.1059837,-1679.291745635568,2080.5412579276945,-1700.7523146703609,2098.055523662767
1742879262.137994,-1703.8347263927917,2080.4945462027863,-1701.3687970148471,2094.543328170771
1742879262.1705725,-1682.8771742035133,2069.8820398507905,-1697.6704724525805,2089.611070506775
1742879262.2017367,-1686.9363457970976,2064.1419639530613,-1695.523647121484,2084.517249196032
1742879262.2338035,-1691.166462426505,2068.2043932201304,-1694.6522101824883,2081.2546780008515
1742879262.264153,-1702.5477797212752,2064.665400303069,-1696.2313240902456,2077.9368224612954
1742879262.31578,-1703.762063709606,2083.0028995724606,-1697.7374720141179,2078.9500378835287
1742879262.3479412,-1702.6571050348848,2092.059507938502,-1698.7213986182715,2081.5719318945235
1742879262.3780468,-1703.5822843050046,2080.487092204132,-1699.6935757556182,2081.3549639564453
1742879262.4095254,-1713.7797961837205,2087.697427925492,-1702.5108198412388,2082.6234567502547
1742879262.4432588,-1709.0880837857403,2072.8035103903767,-1703.826272630139,2080.659467478279
1742879262.4732084,-1721.8188509111205,2093.2985281594083,-1707.4247882863356,2083.1872796145053
1742879262.505527,-1721.8952682010386,2089.7434677341316,-1710.3188842692764,2084.498517238431
1742879262.5351043,-1712.8124328026934,2092.136532591274,-1710.8175939759599,2086.0261203089995
1742879262.5718603,-1726.751520717482,2088.147152511021,-1714.0043793242644,2086.4503267494038
1742879262.6022694,-1738.5290594518774,2093.1403377435,-1718.9093153497872,2087.788328948223
1742879262.6480675,-1732.0768782159594,2089.0586937243406,-1721.5428279230218,2088.0424019034467
1742879262.6787794,-1747.6810237858972,2092.3811893915754,-1726.7704670955968,2088.9101594010726
1742879262.7137175,-1748.0774660847437,2096.729852207005,-1731.0318668934265,2090.4740979622593
1742879262.7446258,-1774.0518354429805,2101.51796965426,-1739.6358606033375,2092.6828723006593
1742879262.7795978,-1750.447285509039,2097.10934356076,-1741.7981455844779,2093.5681665526795
1742879262.8075285,-1773.7702399382306,2100.070071826596,-1748.1925644552284,2094.868547607463
1742879262.8415914,-1775.3027820617335,2094.7393032772434,-1753.6146079765294,2094.842698741419
1742879262.8741233,-1777.7697795425738,2091.3704271739316,-1758.4456422897385,2094.148244427922
1742879262.9111063,-1764.6118706868456,2094.1623637813336,-1759.67888796916,2094.1510682986045
1742879262.9544384,-1771.8193904531563,2090.9569787151904,-1762.1069884659594,2093.512250381922
1742879262.9829786,-1757.418485910579,2089.958142895397,-1761.1692879548834,2092.801428884617
1742879263.0159776,-1761.4270807429184,2085.7741306280404,-1761.2208465124904,2091.395969233302
1742879263.0451574,-1780.7809741400433,2083.941606469767,-1765.132872038001,2089.9050966805953
1742879263.0830066,-1776.2456300694048,2095.2279543001914,-1767.355423644282,2090.9696682045146
1742879263.112537,-1766.8016898473215,2083.4700168215168,-1767.24467688489,2089.469737927915
1742879263.1456065,-1781.8461781552687,2083.81820138092,-1770.1649771389657,2088.339430618516
1742879263.1776462,-1769.9668233207249,2082.329555027274,-1770.1253463753176,2087.1374555002676
1742879263.2121582,-1781.1853673707883,2058.083022557299,-1772.3373505744116,2081.3265689116743
1742879263.2391226,-1786.2037305542817,2067.738601126388,-1775.1106265703859,2078.608975354617
1742879263.2888055,-1793.6683304519884,2037.0834519015189,-1778.8221673467065,2070.3038706639977
1742879263.3188677,-1782.7625230566118,2048.988481620325,-1779.6102384886876,2066.040792855263
1742879263.3449972,-1779.3188861075323,2050.121986349155,-1779.5519680124567,2062.857031554042
1742879263.3767424,-1792.6709302171203,2045.592108544197,-1782.1757604533896,2059.4040469520733
1742879263.4075146,-1798.7092212758598,2041.5853358004151,-1785.4824526178838,2055.8403047217416
1742879263.4404898,-1786.405154162383,2035.112283368262,-1785.6669929267837,2051.6947004510457
1742879263.4810789,-1788.6793415446755,2041.036058921738,-1786.2694626503621,2049.562972145184
1742879263.512728,-1796.0796714095322,2031.8459411575623,-1788.2315044021962,2046.0195659476599
1742879263.543642,-1796.173536577784,2039.7437011993443,-1789.8199108373137,2044.7643929979968
1742879263.5801609,-1803.726259304036,2028.5264270897896,-1792.6011805306582,2041.5167998163556
1742879263.623484,-1771.6780405527352,2033.6269499029077,-1788.4165525350738,2039.9388298336662
1742879263.660328,-1796.9944702963403,2018.7530753419505,-1790.1321360873271,2035.7016789353231
1742879263.6866357,-1803.0881970191513,2026.14330089752,-1792.723348273692,2033.7900033277626
1742879263.7213082,-1800.455775982975,2034.0346008071374,-1794.2698338155487,2033.8389228236379
1742879263.7534308,-1786.347951624557,2040.0617384752986,-1792.6854573773505,2035.0834859539702
1742879263.7833824,-1794.1237421624155,2031.8954688375143,-1792.9731143343636,2034.445882530679
1742879263.8153567,-1786.5370071163743,2028.8987957337213,-1791.685892890766,2033.3364651712875
1742879263.846436,-1794.2608957376724,2024.803568872565,-1792.2008934601474,2031.6298859115432
1742879263.8862486,-1769.137055233392,2033.0712128920604,-1787.5881258147965,2031.9181513076467
1742879263.9156241,-1781.2999933056617,2021.0109743568119,-1786.3304993129698,2029.7367159174796
1742879263.9626193,-1788.7354397864055,2029.316219658409,-1786.811487407657,2029.6526166656656
1742879263.9914758,-1793.5623180266703,2028.8794153372164,-1788.1616535314597,2029.4979763999759
1742879264.0152483,-1790.6414548499379,2037.5451028848966,-1788.6576137951554,2031.10740169696
1742879264.0478342,-1804.2598551781375,2028.0940951677894,-1791.778062071752,2030.504740391126
1742879264.0810926,-1796.1359905104837,2035.3812898975048,-1792.6496477594983,2031.4800502924018
1742879264.1081154,-1795.6224928253505,2034.7521724110084,-1793.2442167726688,2032.1344747161231
1742879264.1440115,-1795.9281619850171,2045.6131453848448,-1793.7810058151385,2034.8302088498674
1742879264.1741576,-1811.8982712815232,2035.8424439476385,-1797.4044589084156,2035.032655869422
1742879264.2059245,-1803.6233389077897,2011.1544691128638,-1798.6482349082903,2030.2570185181105
1742879264.2346272,-1787.306259777586,2008.227697952012,-1796.3798398821496,2025.8511544048908
1742879264.2986863,-1805.772740831113,2004.8429199849033,-1798.2584200719423,2021.6495075208934
1742879264.3310096,-1810.5280606842844,2011.3789172945908,-1800.7123481944109,2019.5953894756328
1742879264.3597271,-1820.4223328547487,2000.8084846238926,-1804.6543451264783,2015.838008505285
1742879264.3935988,-1820.657768782643,2010.8819840509132,-1807.8550298577113,2014.8468036144109
1742879264.4229317,-1825.3649413259827,2000.0748455118082,-1811.3570121513656,2011.8924119938904
1742879264.450017,-1793.9508093936147,2012.8844593785216,-1807.8757715998156,2012.0908214708168
1742879264.4822733,-1806.3834165727876,2001.8454186590334,-1807.5773005944102,2010.0417409084603
1742879264.5148373,-1813.5856357178345,1993.7099588823585,-1808.778967619095,2006.77538450324
1742879264.5468614,-1786.0323438000141,2006.357075578393,-1804.229642855279,2006.6917227182707
1742879264.5791276,-1784.6585994552697,2004.142409755732,-1800.3154341752772,2006.181860125763
1742879264.608118,-1799.891701536595,2002.8503833221675,-1800.230687647541,2005.515564765044
1742879264.6372929,-1769.736246295657,2009.3966505855606,-1794.1317993771643,2006.2917819291474
1742879264.671754,-1790.172791586343,2000.3605821269211,-1793.3399978190002,2005.1055419687023
1742879264.7006178,-1797.8684102275565,2005.8730625990502,-1794.2456803007117,2005.259046094772
1742879264.728375,-1799.8442168044203,1999.9130109187827,-1795.3653876014537,2004.1898390595743
1742879264.7632473,-1804.5900397111582,2001.8510505691283,-1797.2103180233948,2003.7220813614854
1742879264.7960582,-1821.664224245509,1998.4493768717348,-1802.1010992678177,2002.6675404635353
1742879264.8260088,-1779.8155984919867,1995.3201882362937,-1797.6439991126517,2001.198070018087
1742879264.858433,-1797.4598206716419,1994.7180707893694,-1797.6071634244497,1999.9020701723437
1742879264.8897958,-1803.9404927468659,2002.1058116787226,-1798.8738292889332,2000.3428184736197
1742879264.938073,-1805.711121108896,1990.571328515287,-1800.2412876529256,1998.388520481953
1742879264.9696867,-1793.508428377132,2004.5127906666858,-1798.894715797767,1999.6133745188997
1742879265.000939,-1798.550644356319,2007.5763841139633,-1798.8259015094775,2001.2059764379126
1742879265.0328045,-1798.6743255191923,2004.5674533234887,-1798.7955863114205,2001.8782718150278
1742879265.065993,-1814.005489093939,1997.2052216739794,-1801.8375668679244,2000.9436617868182
1742879265.094385,-1797.7425204724914,1993.6870999531493,-1801.0185575888377,1999.4923494200846
1742879265.12667,-1799.8384744647155,2015.323904671739,-1800.7825409640134,2002.6586604704157
1742879265.1596568,-1781.1312568620287,2017.7444665016974,-1796.8522841436165,2005.675821676672
1742879265.196941,-1794.8801849889023,2019.773776224467,-1796.4578643126738,2008.4954125862312
1742879265.2274168,-1788.9430474526544,2016.6483974105577,-1794.95490094067,2010.1260095510966
1742879265.2744186,-1800.7137395512473,2010.5010018974262,-1796.1066686627855,2010.2010080203627
1742879265.3097901,-1801.5446119346798,2005.033245417233,-1797.1942573171646,2009.1674554997367
1742879265.3393629,-1797.8180543255312,2012.2043234123412,-1797.319016718838,2009.7748290822578
1742879265.3730245,-1794.6118410373201,2018.2067800627356,-1796.7775815825344,2011.4612192783534
1742879265.4041257,-1808.2441554963389,2020.0118072481873,-1799.0708963652955,2013.1713368723201
1742879265.4322565,-1792.0896287516243,2013.5260001961105,-1797.6746428425615,2013.2422695370783
1742879265.4632792,-1802.706773147227,2014.6366459957317,-1798.6810689034946,2013.5211448288092
1742879265.496471,-1805.1565436089513,2019.6987393046693,-1799.9761638445862,2014.7566637239813
1742879265.528686,-1813.8447035822046,2005.4442092097524,-1802.74987179211,2012.8941728211357
1742879265.564064,-1805.0677582027474,2041.6686549409387,-1803.2134490742378,2018.6490692450966
1742879265.6136384,-1829.640775813812,2066.810992404853,-1808.4989144221527,2028.281453877048
1742879265.6433446,-1821.8844208872615,2068.9456519752803,-1811.1760157151743,2036.4142934966944
1742879265.6755762,-1818.7731770633982,2075.5500604281824,-1812.695447984819,2044.2414468829922
1742879265.7030427,-1833.0643145739268,2065.739273042649,-1816.7692213026407,2048.541012114924
1742879265.7386956,-1840.5589513254763,2080.3880368442187,-1821.527167307208,2054.910417060783
1742879265.7667227,-1819.357128839525,2077.866100632551,-1821.0931596136716,2059.501553775137
1742879265.8012152,-1821.796298058718,2080.565773301043,-1821.233787302681,2063.714397680318
1742879265.8319254,-1833.8682421325902,2085.440854065944,-1823.760678268663,2068.0596889574435
1742879265.8653831,-1821.5807394605708,2084.3479322186813,-1823.3246905070448,2071.317337609691
1742879265.8982341,-1813.4628379918431,2089.4348721898023,-1821.3523200040047,2074.9408445257136
1742879265.9460907,-1820.1941852810996,2099.922979586465,-1821.120693059424,2079.937271537864
1742879265.9786673,-1799.269541115511,2101.4172578502075,-1816.7504626706416,2084.2332688003326
1742879266.010634,-1769.8787004921796,2090.507751062907,-1807.3761102349495,2085.4881652528475
1742879266.0374925,-1721.2150218052466,2086.989132408835,-1790.143892549009,2085.7883586840453
1742879266.0749202,-1647.938570847753,2058.0595010504385,-1761.702828208758,2080.242587157324
1742879266.1028993,-1575.3253601261586,2006.8617941095636,-1724.4273345922384,2065.5664285477724
1742879266.1353111,-1530.0867662138771,1995.7462256705494,-1685.5592209165663,2051.602387972328
1742879266.1690078,-1370.1884459658868,1998.596137823055,-1622.4850659264305,2041.0011379424734
1742879266.200718,-1272.1792961816955,1960.4107935123193,-1552.4239119774836,2024.8830690564428
1742879266.234414,-1219.2735744675047,1913.1731475903161,-1485.7938444754877,2002.5410847632177
1742879266.2828114,-1208.9110807518828,1874.563091000644,-1430.417291730767,1976.945486010703
1742879266.3134713,-1212.16499963149,1843.8340643668835,-1386.7668333109116,1950.3232016819393
1742879266.3459592,-1179.0290492245786,1823.0756719787041,-1345.219276493645,1924.8736957412923
1742879266.376359,-1197.993567817879,1798.36318177057,-1315.774134758492,1899.571592947148
1742879266.4097095,-1167.738284209765,1778.9857668665736,-1286.1669646487467,1875.4544277310333
1742879266.4405549,-1190.7833977409355,1750.6092222083862,-1267.0902512671846,1850.485386626504
1742879266.4704256,-1201.5931313758629,1716.236349743147,-1253.9908272889204,1823.6355792498325
1742879266.5030177,-1215.907900822871,1670.8128414494004,-1246.3742419957105,1793.0710316897462
1742879266.5371287,-1235.1758799836407,1604.11711179351,-1244.1345695932966,1755.2802477104992
1742879266.5838253,-1257.179863154497,1541.450351232952,-1246.7436283055367,1712.5142684149898
1742879266.6147316,-1299.5181337974464,1475.3136714762022,-1257.2985294039186,1665.0741490272324
1742879266.6457307,-1267.9933513961532,1491.2009585654323,-1259.4374938023657,1630.2995109348724
1742879266.6813953,-1344.1195488617159,1360.700491220965,-1276.3739048142356,1576.379706992091
1742879266.7110116,-1315.5642186654222,1322.5146499769835,-1284.2119675844729,1525.6066955890697
1742879266.7467186,-1331.2927079758883,1309.3825264351253,-1293.628115662756,1482.3618617582808
1742879266.778063,-1348.5813468122833,1288.1639738633003,-1304.6187618926615,1443.5222841792847
1742879266.809098,-1353.8932318983752,1274.6175736406258,-1314.4736558938043,1409.741342071553
1742879266.8382738,-1375.1381219321102,1279.8872194010073,-1326.6065491014656,1383.7705175374438
1742879266.8696866,-1388.11161333963,1288.703146432692,-1338.9075619490986,1364.7570433164935
1742879266.9213338,-1409.7918168948272,1297.1240115356522,-1353.0844129382444,1351.2304369603253
1742879266.9531932,-1424.675298831824,1315.4933145326377,-1367.4025901169603,1344.083012474788
1742879266.9714448,-1416.9266739779523,1314.4204356595365,-1377.3074068891588,1338.1504971117376
1742879267.002525,-1464.5414922318923,1316.290229811084,-1394.7542239577056,1333.778443651607
1742879267.1062148,-1472.470779927242,1312.5034328498405,-1410.297535151613,1329.5234414912538
1742879267.1315567,-1523.143173214734,1316.9889179516977,-1432.8666627642372,1327.0165367833426
1742879267.1622007,-1567.3119250681775,1300.2112921342123,-1459.7557152250251,1321.6554878535167
1742879267.1919267,-1592.5855081232185,1308.0938128898542,-1486.321673804664,1318.9431528607843
1742879267.2205718,-1591.537751986325,1306.8508172030015,-1507.3648894409962,1316.5246857292277
1742879267.2521198,-1633.7786237135188,1318.8166384219476,-1532.6476362955007,1316.9830762677716
1742879267.284487,-1622.966460627178,1317.1370040583151,-1550.7114011618362,1317.0138618258804
1742879267.3144965,-1655.7947541414433,1319.626639609145,-1571.7280717577578,1317.5364173825333
1742879267.3489141,-1643.4765520379278,1319.5978174810098,-1586.077767813792,1317.9486974022286
1742879267.3776257,-1647.5319690247816,1320.950635414718,-1598.36860805599,1318.5490850047267
1742879267.40959,-1638.3724954773024,1316.4664754681799,-1606.3693855402528,1318.1325630974175
1742879267.4397337,-1662.0645056621288,1316.4379846288757,-1617.508409564628,1317.7936474037092
1742879267.471817,-1652.272049591813,1326.6333983450113,-1624.4611375700651,1319.5615975919698
1742879267.5032475,-1657.3780938854125,1320.3697204528598,-1631.0445288331346,1319.723222164148
1742879267.533665,-1630.9441164915788,1306.1363928430073,-1631.0244463648235,1317.0058562999197
1742879267.5659182,-1608.907225297029,1315.042596080626,-1626.6010021512645,1316.6132042560612
1742879267.5928674,-1569.1355596428675,1324.11543759929,-1615.1079136495853,1318.1136509247071
1742879267.6290188,-1532.3799474890056,1319.7868177580203,-1598.5623204174694,1318.4482842913699
1742879267.65449,-1540.525014641722,1317.7788761647316,-1586.95485926232,1318.3144026660423
1742879267.6892517,-1535.239190943521,1320.3102541080298,-1576.6117255985603,1318.7135729544398
1742879267.718355,-1513.9370983719564,1321.6150351615124,-1564.0768001532394,1319.2938653958543
1742879267.7510629,-1497.411969857072,1333.1059538439167,-1550.7438340940062,1322.056283085467
1742879267.7828853,-1464.7839956548105,1338.4534524791416,-1533.5518664061672,1325.3357169642018
1742879267.8144302,-1450.6258153943672,1362.3539537670986,-1516.9666562038074,1332.7393643247813
1742879267.8447366,-1431.2407808473054,1375.165555366786,-1499.821481132507,1341.2246025331824
1742879267.8812904,-1405.0016012849956,1403.5518730454278,-1480.8575051630048,1353.6900566356317
1742879267.928211,-1397.350375346885,1427.1507358544713,-1464.1560791997808,1368.3821924793997
1742879267.9592369,-1382.2175433511748,1440.5054854895006,-1447.7683720300597,1382.80685108142
1742879267.9822588,-1390.9408199403151,1442.6035376443124,-1436.4028616121109,1394.7661883939986
1742879268.0121367,-1383.717177450988,1483.0396582600843,-1425.8657247798865,1412.4208823672157
1742879268.0459447,-1393.5038911816027,1526.7123050919326,-1419.3933580602297,1435.279166912159
1742879268.077283,-1407.6960837618371,1552.0655078955788,-1417.0539032005513,1458.6364351088432
1742879268.1052396,-1395.2475747188655,1564.0023413419785,-1412.6926375042142,1479.7096163554702
1742879268.140285,-1373.8646476729973,1589.8499927230841,-1404.9270395379708,1501.737691628993
1742879268.1700068,-1332.5652987981612,1593.1165005781986,-1390.454691390009,1520.0134534188342
1742879268.200351,-1271.293208993402,1604.4503883556026,-1366.6223949106877,1536.9008404061879
1742879268.2328446,-1270.6836375478251,1611.7448714395596,-1347.4346434381155,1551.8696466128622
1742879268.2643788,-1247.8046101496566,1629.1385288347938,-1327.5086367804238,1567.3234230572486
1742879268.2947822,-1234.9216710220971,1633.2955410625782,-1308.9912436287584,1580.5178466583147
1742879268.328257,-1215.0054700523488,1659.7923529043437,-1290.1940889134767,1596.3727479075208
1742879268.3634357,-1182.1712133391557,1662.4299089173746,-1268.5895137986124,1609.5841801094916
1742879268.395253,-1209.0873264089696,1680.302941248343,-1256.6890763206839,1623.727932337262
1742879268.4245596,-1214.7039972178536,1687.1831476514853,-1248.292060500118,1636.4189754001068
1742879268.4568677,-1217.6248603945842,1709.7745611311802,-1242.1586204790112,1651.0900925463216
1742879268.4889717,-1233.172907722792,1691.2387854975586,-1240.3614779277673,1659.119831136569
1742879268.5190725,-1265.018819429115,1701.3064873700696,-1245.2929462280367,1667.557162383269
1742879268.5689404,-1273.5539239633126,1668.331653763711,-1250.945141775092,1667.7120606593576
1742879268.60222,-1314.5453950862884,1671.6067751283808,-1263.6651924373314,1668.4910035531623
1742879268.6344674,-1355.7440321570775,1651.3950093082458,-1282.0809603812806,1665.0718047041792
1742879268.6629062,-1367.2415214012544,1630.2973771590478,-1299.1130725852754,1658.116919195153
1742879268.6983135,-1420.9829744017043,1641.88006284712,-1323.4870529485613,1654.8695479255466
1742879268.7270644,-1462.829612422247,1663.218541975084,-1351.3555648432985,1656.5393467354543
1742879268.7600548,-1459.6485770850468,1641.5264120220327,-1373.0141672916482,1653.5367597927702
1742879268.7907271,-1490.190094241516,1626.6770528344332,-1396.4493526816218,1648.1648184011028
1742879268.822371,-1539.6934796806545,1632.8128532385454,-1425.0981780814284,1645.0944253685916
1742879268.854407,-1540.046633572496,1632.3689262075259,-1448.087869179642,1642.5493255363785
1742879268.9062254,-1532.0848795718885,1592.8562732029222,-1464.8872712580912,1632.6107150696876
1742879268.9369817,-1540.566757034212,1616.1384238913288,-1480.0231684133155,1629.3162568340158
1742879268.9710655,-1591.5322305058635,1623.5836433925342,-1502.324980831825,1628.1697341457195
1742879269.0037742,-1600.8220109927934,1624.255331493574,-1522.0243868640189,1627.3868536152906
1742879269.0325665,-1577.521142485548,1621.1090814834297,-1533.1237379883248,1626.1312991889185
1742879269.0639877,-1604.2042490788808,1637.8338667326716,-1547.339840206436,1628.4718126976693
1742879269.0943701,-1621.6225322770715,1630.5494879580037,-1562.1963786205633,1628.8873477497364
1742879269.1248837,-1645.2222233081866,1621.3784193015035,-1578.801547558088,1627.3855620600898
1742879269.1615229,-1648.2122154205936,1630.2940642707526,-1592.683681130589,1627.9672625022224
1742879269.192896,-1629.6883109700211,1643.3705312893217,-1600.0846070984758,1631.0479162596425
1742879269.241629,-1625.6934094092885,1640.569649883535,-1605.2063675606385,1632.952262984421
1742879269.2741978,-1655.5524715777738,1646.2166336202827,-1615.2755883640657,1635.6051371115934
1742879269.3092349,-1600.0995804860977,1655.8841385872183,-1612.240386788472,1639.6609374067186
1742879269.3386276,-1643.570638065421,1663.6838371355789,-1618.506437043862,1644.465517352491
1742879269.3709154,-1612.5657582666208,1649.8162523930732,-1617.318301288414,1645.5356643606074
1742879269.402367,-1649.1184007978463,1656.985342655209,-1623.6783211903005,1647.8256000195279
1742879269.435381,-1588.7812080688618,1664.5726850641058,-1616.6988985660128,1651.1750170284436
1742879269.4644914,-1623.6888911338974,1653.9202584081995,-1618.0968970795898,1651.724065304395
1742879269.5013344,-1584.5698644731,1649.4342763731001,-1611.391490558292,1651.266107518136
1742879269.5294015,-1604.0805679160094,1663.9303160244435,-1609.9293060298355,1653.7989492193976
1742879269.5762177,-1561.3756709688296,1658.4552711900124,-1600.2185790176345,1654.7302136135208
1742879269.6115327,-1563.903404735007,1669.2705263054286,-1592.9555441611092,1657.6382761519026
1742879269.6419406,-1568.973448975843,1669.5978396685969,-1588.159125124056,1660.0301888552417
1742879269.6755512,-1566.6277032064609,1677.79028112388,-1583.852840740537,1663.5822073089694
1742879269.7054353,-1558.7741702233689,1684.3888920222744,-1578.8371066371035,1667.7435442516305
1742879269.7407262,-1588.4784100790457,1669.286759458053,-1580.765367325492,1668.0521872929153
1742879269.7720454,-1566.5283165577275,1685.503016354598,-1577.9179571719392,1671.542353105252
1742879269.804831,-1567.683631134476,1687.6607004986508,-1575.8710919644468,1674.766022583932
1742879269.8388598,-1555.9392212829898,1699.7976323978382,-1571.8847178281555,1679.7723445467132
1742879269.8671684,-1574.4792484565787,1696.7691555664478,-1572.4036239538402,1683.1717067506602
1742879269.9203007,-1565.992070372995,1705.0783763339969,-1571.1213132376713,1687.5530406673277
1742879269.9510481,-1585.33469994993,1695.4010983466014,-1573.963990580123,1689.1226522031825
1742879269.9804747,-1542.3828823954445,1696.5430509405742,-1567.6477689431874,1690.606731950661
1742879270.0172722,-1564.1277977019308,1689.8173907762157,-1566.943774694936,1690.448863715772
1742879270.0508213,-1595.5125553581202,1691.9505595469109,-1572.657530827573,1690.7492028819997
1742879270.0845006,-1598.6403636234409,1687.8586455740497,-1577.8540973867468,1690.17109142041
1742879270.1113322,-1564.6099333779111,1701.3376285199993,-1575.20526458498,1692.404398840328
1742879270.1432035,-1578.0673273351586,1704.736817551171,-1575.777677135016,1694.8708825824967
1742879270.1736321,-1578.6011440684779,1701.6955860998605,-1576.3423705217083,1696.2358232859697
1742879270.2198763,-1589.579172428601,1696.1294368374201,-1578.989730903087,1696.2145459962599
1742879270.2540832,-1570.374800723017,1703.9236691201004,-1577.2667448670732,1697.756370621028
1742879270.2849572,-1595.2996470706057,1684.02414302141,-1580.8733253077799,1695.0099251011045
1742879270.31788,-1579.9547902242575,1695.32953995951,-1580.6896182910755,1695.0738480727855
1742879270.3541212,-1579.077979123189,1691.935154616358,-1580.3672904574983,1694.4461093815
1742879270.3860087,-1556.3676881686515,1715.401501893757,-1575.567369999729,1698.6371878839516
1742879270.4177473,-1571.7227045390919,1701.9624392517162,-1574.7984369076016,1699.3022381575047
1742879270.4496307,-1583.8567100536184,1698.3175995537495,-1576.610091536805,1699.1053104367538
1742879270.478769,-1549.219579532366,1713.6334134127483,-1571.1319891359174,1702.0109310319529
1742879270.508969,-1561.8544937565184,1711.295342501242,-1569.2764900600378,1703.8678133258109
1742879270.5560753,-1596.5026672387467,1696.4123574974874,-1574.7217254957795,1702.3767221601463
1742879270.5964081,-1588.141599769442,1705.9983654124571,-1577.4057003505122,1703.1010508106085
1742879270.6307187,-1591.903715712917,1704.3010070964665,-1580.3053034229933,1703.3410420677803
1742879270.6556978,-1589.0115642347118,1709.217333320592,-1582.0465555853373,1704.516300318343
1742879270.6911414,-1538.9608896498685,1724.7040922154156,-1573.4294223982438,1708.5538586977575
1742879270.716877,-1531.1817862237185,1726.9209114154673,-1564.9798951633388,1712.2272692412996
1742879270.7478309,-1542.9098524929668,1734.418640196087,-1560.5658866292645,1716.6655434322572
1742879270.7780066,-1521.9145333771648,1745.1972878958877,-1552.8356159788445,1722.3718923249835
1742879270.8095481,-1519.4952414877207,1747.519953876843,-1546.16754108062,1727.4015046353556
1742879270.8396485,-1525.2625382842416,1752.5017096447173,-1541.9865405213443,1732.421545637228
1742879270.892372,-1520.4124698259402,1754.5106451044958,-1537.6717263822634,1736.8393655306816
1742879270.925992,-1518.6811544049651,1756.528525362659,-1533.873611986804,1740.7771974970772
1742879270.9552941,-1514.2334914444364,1756.7516483890704,-1529.9455878783306,1743.972087675476
1742879270.9863424,-1514.752289750837,1774.5070731857013,-1526.906928252832,1750.079084777521
1742879271.0154662,-1505.4912209624254,1771.3980931688366,-1522.6237867947507,1754.3428864557843
1742879271.0466604,-1501.5687612256606,1776.6597879973178,-1518.4127816809328,1758.806266764091
1742879271.0844865,-1487.0410834911381,1779.6831298518591,-1512.138442042974,1762.9816393816448
1742879271.1167948,-1487.6365199466745,1790.7432074119952,-1507.2380576237142,1768.533952987715
1742879271.1454651,-1517.218624654015,1784.9729842308152,-1509.2341710297744,1771.8217592363353
1742879271.1781042,-1498.139921844282,1789.7958870051298,-1507.015321192676,1775.4165847900942
1742879271.2239418,-1504.050114555761,1795.7589202848558,-1506.4222798652931,1779.4850518890466
1742879271.2556891,-1491.2681080914736,1791.0483244236148,-1503.3914455105294,1781.7977063959604
1742879271.281496,-1487.5846180301141,1799.2170787276154,-1500.2300800144465,1785.2815808622915
1742879271.3109095,-1487.2860163654677,1790.8951033401463,-1497.641267284651,1786.4042853578626
1742879271.344188,-1482.4772485811973,1797.6865243370848,-1494.6084635439602,1788.660733153707
1742879271.375558,-1467.847975605744,1807.0296975403144,-1489.256365956317,1792.3345260310286
1742879271.4050179,-1485.816639978717,1800.942099660835,-1488.5684207607972,1794.0560407569901
1742879271.43663,-1475.0088940767582,1799.9641350372767,-1485.8565154239893,1795.2376596130475
1742879271.4811845,-1470.9077592314861,1813.6617686104455,-1482.8667641854888,1798.9224814125273
1742879271.513536,-1467.593545784981,1813.5680138718053,-1479.8121205053874,1801.851587904383
1742879271.5595922,-1480.7463748786613,1833.0004227214376,-1479.9989713800423,1808.081354867794
1742879271.595153,-1441.609900339532,1907.482102439284,-1472.3211571719403,1827.961504382092
1742879271.6295924,-1443.8505171204743,1901.11622194335,-1466.6270291616472,1842.5924478943439
1742879271.6574852,-1429.4834040384612,1937.9525581419202,-1459.1983041370102,1861.6644699438593
1742879271.6862235,-1385.6050820585424,1954.705337297224,-1444.4796597213167,1880.2726434145325
1742879271.7187216,-1374.5058019869648,1945.370446314726,-1430.4848881744463,1893.292203994571
1742879271.7507262,-1381.0792349343428,1965.3269540920246,-1420.6037575264256,1907.6991540140618
1742879271.7804098,-1371.4957116855912,1963.2179694058523,-1410.7821483582588,1918.80291709242
1742879271.8128345,-1392.941141890553,1965.9279120280444,-1407.2139470647178,1928.2279160795451
1742879271.8442652,-1405.35011713325,1918.5416830661798,-1406.8411810784244,1926.2906694768722
1742879271.89493,-1486.891120081158,1875.2200367487749,-1422.851168878971,1916.0765429312528
1742879271.9281693,-1452.2782840740365,1855.2782713243723,-1428.7365919179842,1903.9168886098767
1742879271.953814,-1468.6600749555273,1860.8980893771313,-1436.7212885254928,1895.3131287633278
1742879271.9826572,-1450.5633122352974,1842.7852039338813,-1439.4896932674537,1884.8075437974385
1742879272.0192573,-1447.580166758693,1841.5952144596868,-1441.1077879657016,1876.1650779298884
1742879272.0473564,-1456.694364166191,1837.857116956322,-1444.2251032057995,1868.5034857351752
1742879272.0788164,-1450.3978886799578,1837.473650136617,-1445.4596603006312,1862.2975186154636
1742879272.1076322,-1442.9529452527786,1819.6811209911248,-1444.9583172910607,1853.774239090596
1742879272.1371834,-1470.5932557030465,1821.0132333730107,-1450.0853049734578,1847.2220379470791
1742879272.156594,-1459.1054842645171,1822.3234806921773,-1451.8893408316699,1842.242326496099
1742879272.2040694,-1458.1630779752832,1824.323636997984,-1453.1440882603927,1838.6585885964762
1742879272.2317739,-1462.3881148426499,1822.174235074659,-1454.9928935768444,1835.361717892113
1742879272.2645168,-1463.328091680467,1808.2317790567722,-1456.659933197569,1829.9357301250448
1742879272.2986548,-1462.03739040222,1823.5487524266719,-1457.7354246384991,1828.6583345853703
1742879272.329123,-1479.8010974195731,1819.3317769208152,-1462.148559194714,1826.7930230524594
1742879272.3590677,-1483.7924652327983,1817.1825406419084,-1466.4773404023308,1824.8709265703494
1742879272.3932827,-1474.5201326242004,1825.8633018313121,-1468.0858988467048,1825.069401622542
1742879272.423055,-1464.20357762622,1791.6585584468503,-1467.3094346026078,1818.3872329874039
1742879272.4589424,-1458.6494099764295,1794.212960963774,-1465.5774296773723,1813.552378582678
1742879272.4863074,-1452.4945052498424,1792.9905051843234,-1462.9608447918663,1809.4400039030074
1742879272.5386481,-1452.234112230155,1793.13345631409,-1460.8154982795243,1806.178694385224
1742879272.5675628,-1433.9275332514826,1789.1000148195671,-1455.4379052739162,1802.7629584720926
1742879272.5990918,-1423.061038797161,1802.6449242425115,-1448.9625319785653,1802.7393516261764
1742879272.6322494,-1421.8118590521644,1796.0749698278378,-1443.5323973932852,1801.4064752665088
1742879272.667152,-1406.0045230003652,1788.8074867834548,-1436.0268225147013,1798.8866775698982
1742879272.700601,-1417.263705146801,1784.9814320959595,-1432.2741990411212,1796.1056284751105
1742879272.7286627,-1425.5366497875566,1786.9100300146765,-1430.9266891904083,1794.2665087830237
1742879272.7597928,-1408.7493613792249,1791.306232777084,-1426.4912236281718,1793.674453581836
1742879272.7929912,-1409.3719635187517,1778.516827528947,-1423.067371606288,1790.6429283712582
1742879272.8265917,-1392.959031487324,1780.9284445605208,-1417.0457035824952,1788.7000316091107
1742879272.8726392,-1391.867103506549,1779.6834611406903,-1412.009983567306,1786.8967175154269
1742879272.905899,-1379.9915032787285,1785.9986544457715,-1405.6062875095906,1786.717104901496
1742879272.9366117,-1395.1331696432208,1779.3922582598952,-1403.5116639363168,1785.252135573176
1742879272.9669201,-1409.9026882229991,1774.683484487212,-1404.7898687936536,1783.1384053559832
1742879273.001649,-1416.50439115046,1769.6025077150134,-1407.1327732650147,1780.4312258277894
1742879273.0319617,-1430.5070865204361,1757.8253554842468,-1411.8076359160991,1775.910051759081
1742879273.063051,-1417.2281468124747,1752.325132698801,-1412.8917380953744,1771.193067947025
1742879273.096358,-1418.3302343173436,1757.7958707784583,-1413.9794373397685,1768.5136285133117
1742879273.126293,-1409.4706875898264,1753.2206064039074,-1413.0776873897803,1765.455024091431
1742879273.1651309,-1412.6181523256764,1752.8477408267354,-1412.9857803769596,1762.933567438492
1742879273.2137609,-1421.675588913784,1746.4414430936467,-1414.7237420843244,1759.6351425695232
1742879273.2410898,-1424.0920096333793,1761.2412746012924,-1416.5973955941356,1759.956368975877
1742879273.2742484,-1427.469830535074,1756.556353624308,-1418.7718825823233,1759.2763659055631
1742879273.301927,-1427.1495846669259,1746.5214493458807,-1420.4474229992438,1756.7253825936268
1742879273.3385105,-1422.2902401214124,1763.3474433324172,-1420.8159864236777,1758.0497947413849
1742879273.3685596,-1438.999123506852,1746.0155713038148,-1424.4526138403126,1755.642950053871
1742879273.398551,-1460.237166904788,1762.6714484765998,-1431.6095244532075,1757.0486497384168
1742879273.4298096,-1447.9103512917118,1765.1874214893433,-1434.8696898209084,1758.6764040886023
1742879273.465081,-1455.0494047000047,1762.7772952575033,-1438.9056327967278,1759.4965823223827
1742879273.498329,-1465.5554569082396,1759.7836037531688,-1444.2355976190302,1759.55398660854
1742879273.5478709,-1451.6581113859247,1764.0520946719535,-1445.7201003724092,1760.453608221223
1742879273.579365,-1457.6365495962018,1755.8565059727916,-1448.1033902171678,1759.5341877715368
1742879273.6101184,-1465.300585369041,1756.9847100803581,-1451.5428292475424,1759.0242922333014
1742879273.6450112,-1460.2124306722108,1763.419498652751,-1453.2767495324763,1759.9033335171914
1742879273.6712813,-1469.1804192764594,1771.1391909488793,-1456.457483481273,1762.1505050035291
1742879273.706162,-1470.784961505493,1770.2018092068865,-1459.322979086117,1763.7607658442007
1742879273.7371953,-1463.4707667362072,1758.0401962899305,-1460.152536616135,1762.6166519333467
1742879273.7673256,-1465.758205671662,1767.7060448127213,-1461.2736704272406,1763.6345305092218
1742879273.804044,-1460.8646279471395,1784.0273202680946,-1461.1918619312205,1767.7130884609965
1742879273.8340073,-1462.4302989535536,1773.8222991759158,-1461.4395493356872,1768.9349306039803
1742879273.880989,-1471.3399807238784,1770.8870801499215,-1463.4196356133255,1769.3253605131686
1742879273.911046,-1466.7255690526908,1805.329688913689,-1464.0808223011986,1776.5262261932728
1742879273.9425435,-1467.3735700024463,1816.8906751834547,-1464.7393718414482,1784.5991159913094
1742879273.973909,-1465.787579947848,1808.7885099341056,-1464.9490134627283,1789.4369947798687
1742879274.0115466,-1466.621323501131,1813.210718869601,-1465.2834754704088,1794.1917395978153
1742879274.040702,-1473.7400578612342,1819.4927832917692,-1466.974791948574,1799.2519483366063
1742879274.0719128,-1471.3757599174223,1812.4989448202396,-1467.8549855423437,1801.901347633333
1742879274.1036887,-1485.1149702386429,1820.8793926860471,-1471.3069824816037,1805.6969566438759
1742879274.135734,-1477.4275233885455,1816.7321534787188,-1472.531090662992,1807.9039960108446
1742879274.1859367,-1467.6187237359954,1822.5833767786207,-1471.5486172775927,1810.8398721643998
1742879274.2196722,-1472.6505593318743,1806.4355310252886,-1471.7690056884492,1809.9590039365776
1742879274.2477324,-1479.5018331772717,1811.6473668849885,-1473.3155711862137,1810.29667652626
1742879274.2828264,-1475.3225141683251,1820.3508213591867,-1473.716959782636,1812.3075054928454
1742879274.311754,-1485.5701610898523,1816.8669880321704,-1476.0876000440794,1813.2194020007105
1742879274.3438978,-1483.0669426970271,1811.3425811621983,-1477.483468574669,1812.844037833008
1742879274.375648,-1489.5522528158617,1820.9130185022022,-1479.8972254229075,1814.4578339668471
1742879274.409079,-1492.557484214407,1811.7810419275374,-1482.4292771812075,1813.9224755589853
1742879274.4404294,-1491.4275684478926,1831.3231073796087,-1484.2289354345444,1817.40260192311
1742879274.4714746,-1477.7013888206184,1832.412385049749,-1482.9234261117592,1820.404558548438
1742879274.519786,-1485.8327627017316,1823.3764822355297,-1483.505293429754,1820.9989432858563
1742879274.5508814,-1491.367053021775,1830.9457694032408,-1485.077645348158,1822.9883085093334
1742879274.573411,-1481.6925357746222,1834.8125726167182,-1484.4006234334508,1825.3531613308105
1742879274.6070921,-1515.9773958409205,1830.187780562217,-1490.715977914945,1826.320085177092
1742879274.6378467,-1503.969942659116,1832.8906004745822,-1493.3667708637793,1827.63418823659
1742879274.678441,-1513.2765084467228,1808.9491850162267,-1497.3487183803682,1823.8971875925174
1742879274.712083,-1497.3576384891203,1806.9997159012764,-1497.3505024021185,1820.5176932542695
1742879274.7419887,-1498.5493948370731,1812.1196191108957,-1497.5902808891094,1818.8380784255949
1742879274.775088,-1519.350578699008,1812.50341721943,-1501.9423404510892,1817.571146184362
1742879274.8094153,-1497.9022773241923,1798.4837709043604,-1501.1343278257098,1813.753671128362
1742879274.858971,-1498.0473818313458,1802.66314512811,-1500.5169386268371,1811.5355659283118
1742879274.8901818,-1494.941659487964,1798.8263235536688,-1499.4018827990626,1808.9937174533834
1742879274.9160964,-1501.608957603592,1792.3209704606725,-1499.8432977599687,1805.6591680548413
1742879274.9337945,-1496.8801408567506,1794.6709677700273,-1499.2506663793251,1803.4615279978786
1742879274.9650145,-1509.6009693172564,1787.3100612758335,-1501.3207269669115,1800.2312346534698
1742879274.994458,-1513.486545564383,1782.8204350636133,-1503.7538906864058,1796.7490747354987
1742879275.0135949,-1516.6037525871725,1793.4975427372883,-1506.3238630665594,1796.0987683358567
1742879275.0790346,-1510.7386151564497,1791.086588283375,-1507.2068134845376,1795.0963323253604
1742879275.112011,-1509.5667361382475,1789.9491080885964,-1507.6787980152799,1794.0668874780079
1742879275.1441116,-1510.2887249265077,1792.8941001350486,-1508.2007833975254,1793.832330009416
1742879275.1945553,-1515.4884135291395,1809.1123447645696,-1509.6583094238483,1796.8883329604469
1742879275.2239785,-1498.8007326287643,1831.3915185228198,-1507.4867940648314,1803.7889700729215
1742879275.247136,-1497.1429633278549,1818.4758922307865,-1505.4180279174361,1806.7263545044946
1742879275.2793891,-1507.2907818822023,1840.8211581104479,-1505.7925787103893,1813.5453152256853
1742879275.3191638,-1523.9342909386978,1817.0014912967927,-1509.4209211560512,1814.236550439907
1742879275.3480563,-1536.7891809453868,1829.3810922633093,-1514.8945731139183,1817.2654588045875
1742879275.375603,-1532.4146223864864,1842.2576264735071,-1518.398582968432,1822.2638923383715
1742879275.4088233,-1547.2325091353123,1825.8016821090932,-1524.1653682018082,1822.9714502925158
1742879275.4404492,-1542.9652881570437,1848.1964756687066,-1527.9253521928554,1828.0164553677541
1742879275.491629,-1576.3927727335777,1862.899073905006,-1537.618836301,1834.9929790752046
1742879275.5401492,-1559.1407965276012,1843.3747324052947,-1541.9232283463205,1836.6693297412228
1742879275.5751708,-1543.4949085651933,1851.7485544945212,-1542.237564390095,1839.6851746918826
1742879275.6057706,-1549.317420166568,1857.843772017066,-1543.6535355453898,1843.3168941569193
1742879275.6381588,-1559.554024127121,1852.930758681232,-1546.8336332617362,1845.2396670617818
1742879275.6656473,-1557.682904820258,1853.1023662947155,-1549.0034875734407,1846.8122069083686
1742879275.6999145,-1529.7011460167796,1850.07952137342,-1545.1430192621087,1847.4656698013791
1742879275.72943,-1525.1854584166704,1869.562120480663,-1541.1515070930213,1851.8849599372359
1742879275.7635539,-1535.3270929128776,1871.5246755043645,-1539.9866242569929,1855.8129030506616
1742879275.7933674,-1518.1864297534867,1862.9568838056894,-1535.6265853562918,1857.2416992016674
1742879275.8242724,-1529.7278699823273,1862.5896501386105,-1534.4468422814991,1858.3112893890561
1742879275.8557563,-1513.922521663504,1877.1875611049109,-1530.3419781579003,1862.0865437322273
1742879275.8872366,-1533.2337892312844,1860.5504017509702,-1530.9203403725771,1861.779315335976
1742879275.917838,-1523.3947318656737,1864.8023282282957,-1529.4152186711965,1862.3839179144402
1742879275.9495208,-1514.6043140738311,1863.9471061159256,-1526.4530377517235,1862.6965555547374
1742879275.9840295,-1504.2791455662918,1859.4858050985986,-1522.0182593146371,1862.0544054635097
